﻿순번,담당,기업명
3501,8번,골든트리개발
3502,8번,유니피커
3503,8번,전국지역아동센터협의회
3504,8번,해윰
3505,8번,대영유조
3506,8번,유성이엠지
3507,8번,안현엔지니어링옥천지점
3508,8번,참수리디앤에이
3509,8번,트레져아일랜드
3510,8번,동원산업
3511,8번,엘림종합건설
3512,8번,신우전자
3513,8번,세종에이앤에스
3514,8번,이삭지앤엠
3515,8번,해인이엔지
3516,8번,엘피케이에프레이저앤드일렉트로닉스코리아
3517,8번,남성기업
3518,8번,한진휴에프
3519,8번,남도엔지니어링
3520,8번,건진개발
3521,8번,제이앤씨산업개발
3522,8번,태광
3523,8번,천안서점협동조합
3524,8번,지홀딩스
3525,8번,명성테크
3526,8번,구이
3527,8번,신용산림
3528,8번,하비스트씨앤에어
3529,8번,삼일비앤씨
3530,8번,진일건설
3531,8번,신양관광개발
3532,8번,가나건강
3533,8번,리드아이씨티
3534,8번,영산볼트
3535,8번,대덕모토
3536,8번,민영코퍼레이션
3537,8번,한국지엔느
3538,8번,진남
3539,8번,위즈필름
3540,8번,지에스케이안전
3541,8번,태영기술공사
3542,8번,에스케이에너지
3543,8번,사피엔스인
3544,8번,비티알
3545,8번,에이엘솔루션
3546,8번,하나로종합유통
3547,8번,서부조경개발
3548,8번,티오피씨쓰
3549,8번,오니텍
3550,8번,한국리레이
3551,8번,미래기술산업
3552,8번,티팩토리
3553,8번,이룸시스
3554,8번,뉴라클사이언스
3555,8번,천일전력
3556,8번,에이지티
3557,8번,에이치티원
3558,8번,에코라이텍
3559,8번,아라체육조경
3560,8번,대영기공
3561,8번,다원산업개발
3562,8번,봉평영농조합
3563,8번,한일현대시멘트
3564,8번,한일건설
3565,8번,에코비젼
3566,8번,현진
3567,8번,케이리얼티임대주택제1호위탁관리부동산투자회사
3568,8번,제이앤코슈
3569,8번,해님종합건설
3570,8번,다솔
3571,8번,경민기공
3572,8번,씨엠엔지니어링
3573,8번,지스퀘어피에프브이
3574,8번,도성건설
3575,8번,디씨아이
3576,8번,와이앤엠시스템즈
3577,8번,웰컴에프앤디
3578,8번,진영레이져
3579,8번,금강이엔티
3580,8번,농업회사법인양양오색한과
3581,8번,원상
3582,8번,매직로즈영농조합법인
3583,8번,신성전기안전관리
3584,8번,유엔종합건설
3585,8번,팜앤팜스
3586,8번,가치브라더
3587,8번,어컴퍼니
3588,8번,금성에스엠씨
3589,8번,덕선포장
3590,8번,보령전력
3591,8번,다원컨설팅
3592,8번,미창
3593,8번,와이텍
3594,8번,제이원
3595,8번,에스엠테크
3596,8번,흥인알앤씨
3597,8번,홍산시스텍
3598,8번,공간케이블
3599,8번,대구무궁화관광
3600,8번,나주종합농산영농조합법인
3601,8번,알레프커넥티드
3602,8번,토종마을
3603,8번,거단건설
3604,8번,인와이즈
3605,8번,아이어스
3606,8번,비앤씨상사
3607,8번,캘래
3608,8번,예림알비
3609,8번,중부보안
3610,8번,피에스제이
3611,8번,건완
3612,8번,다우리식품
3613,8번,자카르타
3614,8번,린백
3615,8번,동성전기
3616,8번,한빛영농조합법인
3617,8번,동원홈푸드시화영업소
3618,8번,지케이유통
3619,8번,올배움
3620,8번,고려테크
3621,8번,아성산업
3622,8번,대한제당(주)경기영업소
3623,8번,성신건설
3624,8번,에이치아이네트웍스
3625,8번,동일우드
3626,8번,실리콘브릿지
3627,8번,기산엔지니어링
3628,8번,두리육송
3629,8번,그린드림
3630,8번,한일물류
3631,8번,가인인터내셔널
3632,8번,네모시스
3633,8번,중부건설
3634,8번,세안건설
3635,8번,신영석재건설
3636,8번,비주얼미디어
3637,8번,토리코리아
3638,8번,백상건설
3639,8번,명보텔레콤
3640,8번,북악건설
3641,8번,백영수미술문화재단
3642,8번,덱스인더스트리
3643,8번,미디어랩코리아
3644,8번,한국마이크로시스템
3645,8번,남부자동차써비스
3646,8번,서티원랩
3647,8번,링크텍
3648,8번,글로벌치어
3649,8번,삼인케미칼
3650,8번,웰디드
3651,8번,네오반도체
3652,8번,뉴런아이티
3653,8번,기주산업
3654,8번,노원환경재단
3655,8번,퓨쳐테크윈
3656,8번,대운테크
3657,8번,효원엔브이
3658,8번,의료법인더시티의료재단
3659,8번,디엠에스
3660,8번,일성종합건설
3661,8번,제이에스엠티
3662,8번,엘마이토테라퓨틱스
3663,8번,디엠개발
3664,8번,다돌
3665,8번,에이블
3666,8번,세종에프앤디
3667,8번,미트본
3668,8번,지석건설
3669,8번,아이미대부
3670,8번,디에스코리아
3671,8번,화인에너지
3672,8번,오비오
3673,8번,에이온
3674,8번,유엑스엔
3675,8번,부원아이티
3676,8번,픽젠
3677,8번,해조건설
3678,8번,강청
3679,8번,에스앤엠
3680,8번,에드토
3681,8번,이지케미컬
3682,8번,하이테크닉
3683,8번,유영검사
3684,8번,서진엔지니어링
3685,8번,리안
3686,8번,대신물산
3687,8번,청주문화제조창위탁관리부동산투자회사
3688,8번,고위더스
3689,8번,예가
3690,8번,삼성종합물류에이치티에이치
3691,8번,썬샤인아이
3692,8번,일야
3693,8번,테이스트스페이스
3694,8번,에이엠아이티랩
3695,8번,한국미우라테크
3696,8번,한아개발
3697,8번,셀리언트
3698,8번,에스에이미트
3699,8번,유림
3700,8번,코스모타워
3701,8번,인주농업협동조합
3702,8번,타우니
3703,8번,한국인피니티공인금거래소
3704,8번,서웅씨엔씨
3705,8번,건도이엔지
3706,8번,한신윤활유상사
3707,8번,지투코리아
3708,8번,하이퍼센싱
3709,8번,백만
3710,8번,아큐비젼
3711,8번,임호엔지니어링
3712,8번,비에스에너지솔루션즈
3713,8번,주성디벨로퍼
3714,8번,디와이토탈
3715,8번,대원기술
3716,8번,세명도시개발
3717,8번,빗썸코리아
3718,8번,두영파워텍
3719,8번,정안엔지니어링
3720,8번,이피씨코리아
3721,8번,스마일팜
3722,8번,새빛맥스
3723,8번,신양
3724,8번,블루엔이
3725,8번,그린웰
3726,8번,아이피에이산업
3727,8번,뒤웅박고을
3728,8번,픽쳐에세이
3729,8번,국제금속
3730,8번,선훈
3731,8번,금영종합건설
3732,8번,창원산업진흥원
3733,8번,오케이팩토리종합건설
3734,8번,화양에프앤씨
3735,8번,창림
3736,8번,황성수컴퍼니
3737,8번,아이엠피티티
3738,8번,다함
3739,8번,한국동식물대체의약연구소
3740,8번,손앤컴퍼니
3741,8번,포코스인터내셔널
3742,8번,에이펀인터렉티브
3743,8번,제이씨더블유인터네셔널
3744,8번,스토리엔네트웍스
3745,8번,삼락열처리김해지점
3746,8번,제이티건설
3747,8번,에이치엠지
3748,8번,담화컴퍼니
3749,8번,창신종합건설
3750,8번,코오롱인더스트리(주)유화부문김천공장
3751,8번,제스트에프앤지
3752,8번,프린코
3753,8번,경동콘크리트
3754,8번,현대소방
3755,8번,세광기계
3756,8번,씨스토어
3757,8번,피엘피엔지니어링
3758,8번,송도헬스케어네트웍스
3759,8번,월드전기
3760,8번,재인기업
3761,8번,동심
3762,8번,용현건설
3763,8번,미래제어
3764,8번,코운로지스틱스
3765,8번,서영파일테크
3766,8번,바로농산
3767,8번,대민유통
3768,8번,부경양돈엠앤에프
3769,8번,에이치알비젼
3770,8번,잡라이프
3771,8번,마이스윗인터뷰
3772,8번,뱅뱅어패럴대구산격점
3773,8번,화성정보통신
3774,8번,푸른조경엔지니어링
3775,8번,휴먼아키피아종합건축사사무소
3776,8번,아이옵스
3777,8번,태극로지스
3778,8번,원일상공
3779,8번,성음
3780,8번,신우계전
3781,8번,금성엔지니어링
3782,8번,정호개발
3783,8번,올바른
3784,8번,농생우창
3785,8번,한성그린팩토리
3786,8번,청호유리공업
3787,8번,오비스
3788,8번,엠비케이
3789,8번,동호씨앤엠
3790,8번,아트
3791,8번,솔본인베스트먼트
3792,8번,경동대학교
3793,8번,춘천골프아카데미
3794,8번,덕성건설
3795,8번,이즈티엔엘
3796,8번,수원공업
3797,8번,퍼스트렌터카
3798,8번,석재나라
3799,8번,케스피온컴텍
3800,8번,성우이엔지
3801,8번,중부환경
3802,8번,아이썬에스앤씨
3803,8번,대진기업
3804,8번,경기아스콘산업
3805,8번,유림물산
3806,8번,피씨엠엠
3807,8번,정화제기
3808,8번,에이치엔물류
3809,8번,에스비씨피에프브이
3810,8번,포비스
3811,8번,이을전력
3812,8번,인천하이테크
3813,8번,장수왕
3814,8번,빌통코리아
3815,8번,그라몽
3816,8번,대원코퍼레이션
3817,8번,우정테크
3818,8번,신비앤텍
3819,8번,향돈촌영농조합법인
3820,8번,와이엘엔터프라이즈
3821,8번,에이치비주택건설
3822,8번,신영설비
3823,8번,지뉴소프트
3824,8번,정도안전기술단
3825,8번,세원폴리텍
3826,8번,허브바이오텍
3827,8번,대성건설
3828,8번,대하
3829,8번,에스지디벨롭먼트
3830,8번,도노글로벌
3831,8번,성실건업
3832,8번,큐티젠래버러토리스
3833,8번,에스에이치덴텍
3834,8번,에이시티
3835,8번,바른
3836,8번,페인트마트
3837,8번,세븐스타나이스
3838,8번,포스엔텍
3839,8번,도영운수
3840,8번,한양푸드시스템
3841,8번,하나종합건설
3842,8번,에스앤에스패션
3843,8번,웨스넷
3844,8번,그린포러스
3845,8번,쎈텐양천강서점
3846,8번,제일중앙
3847,8번,하바코
3848,8번,에스제이다솜
3849,8번,한국의장
3850,8번,티엘솔라
3851,8번,진성로보텍
3852,8번,지이큐솔루션
3853,8번,디에스컨텐츠
3854,8번,페어리스트리팩토리
3855,8번,해광금속
3856,8번,지제이종합건설
3857,8번,아이피시티
3858,8번,디엔이솔라
3859,8번,아스팔트아트
3860,8번,가나
3861,8번,센테크
3862,8번,시온조경개발
3863,8번,비앤비솔루션
3864,8번,한성의약품
3865,8번,엘에스
3866,8번,동산
3867,8번,엠피어스
3868,8번,경기북부건설
3869,8번,조일기공
3870,8번,이글로벌시스템
3871,8번,예담종합건설
3872,8번,대산애드
3873,8번,동주종합건설
3874,8번,에코텍
3875,8번,세연정보시스템
3876,8번,시그너스골프클럽
3877,8번,문화공작소협동조합
3878,8번,지역농업네트워크충청협동조합
3879,8번,삼삼종합건설
3880,8번,엔틱스
3881,8번,바오건축디자인
3882,8번,와이에이치엔지니어링
3883,8번,엄지모터스
3884,8번,토옥한우(주)연수지점
3885,8번,한신이엔지
3886,8번,부경로지텍
3887,8번,현신종합건축사사무소
3888,8번,오엔이글로벌
3889,8번,한라비앤씨
3890,8번,제이씨포장
3891,8번,전진건설로봇
3892,8번,명진무역
3893,8번,제주에어투어
3894,8번,콤텍인터내셔널
3895,8번,지에스칼텍스(주)노은톨게이트주유소
3896,8번,제이아이비
3897,8번,티케이아이
3898,8번,아이웍스
3899,8번,푸드세이
3900,8번,이든
3901,8번,달성유리
3902,8번,영진전자통신
3903,8번,마르조아
3904,8번,애드윈솔루션
3905,8번,세원이엔에스
3906,8번,블루써클
3907,8번,씨에이치솔루션
3908,8번,성웅
3909,8번,가하푸드영농조합법인
3910,8번,영종합건설
3911,8번,엘엠코리아
3912,8번,아시아그린
3913,8번,에스티디
3914,8번,헬로뷰티코스메틱
3915,8번,케이에스번역센터
3916,8번,보민
3917,8번,학교와미래
3918,8번,대진
3919,8번,송도건설
3920,8번,상도아이앤티
3921,8번,칸토덴카코리아
3922,8번,인스푸드코리아
3923,8번,에프에이시스템
3924,8번,자연환경산업
3925,8번,스푼라디오
3926,8번,재단법인선강장학회
3927,8번,에이앤비홀딩스
3928,8번,클린스쿨
3929,8번,세명
3930,8번,한밭제일복지재단
3931,8번,더워터멜론
3932,8번,에스엔디
3933,8번,홍천산업
3934,8번,지에스알
3935,8번,자연애드림
3936,8번,금강벤딩
3937,8번,부광
3938,8번,라이프코어인스트루먼트
3939,8번,하이웨이마트일원점
3940,8번,오비맥주(주)춘천직매장
3941,8번,한국이알이시
3942,8번,은성도금
3943,8번,델리칸
3944,8번,이덕건설
3945,8번,신화
3946,8번,페이펄문구센터마두지점
3947,8번,신영산업운수
3948,8번,대한이엔지
3949,8번,동은
3950,8번,비엠바이텍
3951,8번,계선
3952,8번,인노바드
3953,8번,새길정보통신
3954,8번,우리농민살리기
3955,8번,어울림로지스
3956,8번,인천도화공공임대위탁관리부동산투자회사
3957,8번,이형산업
3958,8번,대림묘목농원
3959,8번,푸드머스서울사무소
3960,8번,에프아이파트너스
3961,8번,대휘건설
3962,8번,타이거에이엠씨
3963,8번,에이치비
3964,8번,블씨코퍼레이션
3965,8번,경인전력
3966,8번,신기방적
3967,8번,티티엘
3968,8번,지에이테크
3969,8번,디엘씨
3970,8번,호세아동산
3971,8번,현대지게차부품센타
3972,8번,한울항공여행사
3973,8번,송광
3974,8번,아이에이큐솔루션
3975,8번,알피엠
3976,8번,씨에스프로바이더
3977,8번,델타
3978,8번,금성지관
3979,8번,대림프라스틱
3980,8번,믿음열기상사
3981,8번,공익인권변호사모임희망을만드는법
3982,8번,비지티
3983,8번,이노로드
3984,8번,하원이앤지
3985,8번,제이엔씨
3986,8번,농업회사법인(주)하이즈
3987,8번,잉크24
3988,8번,진안
3989,8번,청수산업
3990,8번,참산업
3991,8번,금상종합건설
3992,8번,진성에너텍
3993,8번,유커넥
3994,8번,디에스
3995,8번,다얼팜
3996,8번,에이치비솔루션
3997,8번,시우디앤피
3998,8번,더두리텍스타일
3999,8번,베스텍
4000,8번,삼의공영
