﻿기업명,기업형태,지역,업종,자본금,매출액,대표자,설립일
유니피커,중소기업,서울 영등포구,응용 소프트웨어 개발 및 공급업,,,,
전국지역아동센터협의회,비영리법인,서울 영등포구,종합복지관 운영업,,,,
해윰,대기업 계열사·자회사,서울 중구,음식료·외식·프랜차이즈,,,,1999.07.27
해윰,대기업,경기 부천시,비메모리용 및 기타 전자집적회로 제조업,,,,
해윰,대기업,서울 중구,플라스틱 창호 제조업,,,,
해윰,대기업,경기 이천시,그 외 기타 분류 안된 사업지원 서비스업,,,,
해윰,중견기업,서울 강남구,생활화학·화장품,,,,2004.12.24
해윰,벤처기업,서울 송파구,화학·에너지·환경,,,,
해윰,중소기업,경기 안산시,반도체·디스플레이·광학,,,,
해윰,중견기업,경기 성남시,제약·보건·바이오,,,,1993.12.20
해윰,중소기업,부산 해운대구,사업시설 유지.관리 서비스업,,,,
해윰,중견기업,서울 마포구,광고 대행업,,,,
